,vina_affinity,vina_rmsd_lb,vina_rmsd_ub,vina_rmsd_input,vina_rmsd_input_min,vina_gauss1,vina_gauss2,vina_repulsion,vina_hydrophobic,vina_hydrogen,SMILES Atom Order,cpd
0,-0.02229,0.000,0.000,8.349064,8.349064,0.0,5.71193,0.0,0.0,0.0,,gsagrs
1,-0.01887,1.788,3.364,7.6874733,7.6874733,0.0,4.83729,0.0,0.0,0.0,22 7 8 6 5 4 3 2 1 9 10 11 12 13 14 15 16 17 18 19 20 21,gsagrs
2,-0.01314,2.179,3.365,6.8032346,6.8032346,0.0,3.36727,0.0,0.0,0.0,22 7 8 6 5 4 3 2 1 9 10 11 12 13 14 15 16 17 18 19 20 21,gsagrs
3,-0.01289,2.575,3.368,8.56545,8.56545,0.0,3.30467,0.0,0.0,0.0,22 7 8 6 5 4 3 2 1 9 10 11 12 13 14 15 16 17 18 19 20 21,gsagrs
4,-0.00715,2.456,3.906,7.6332173,7.6332173,0.0,1.83351,0.0,0.0,0.0,22 7 8 6 5 4 3 2 1 9 10 11 12 13 14 15 16 17 18 19 20 21,gsagrs
5,-0.0071,2.013,2.994,8.295354,8.295354,0.0,1.81978,0.0,0.0,0.0,22 7 8 6 5 4 3 2 1 9 10 11 12 13 14 15 16 17 18 19 20 21,gsagrs
6,-0.01868,3.032,3.715,9.901191,9.901191,0.0,4.78628,0.0,0.0,0.0,22 7 8 6 5 4 3 2 1 9 10 11 12 13 14 15 16 17 18 19 20 21,gsagrs
7,-0.00662,2.559,3.888,6.1098237,6.1098237,0.0,1.69606,0.0,0.0,0.0,22 7 8 6 5 4 3 2 1 9 10 11 12 13 14 15 16 17 18 19 20 21,gsagrs
8,0.0,11.356,12.556,8.240433,8.240433,0.0,0.0,0.0,0.0,0.0,22 7 8 6 5 4 3 2 1 9 10 11 12 13 14 15 16 17 18 19 20 21,gsagrs
