,vina_affinity,vina_rmsd_lb,vina_rmsd_ub,vina_rmsd_input,vina_rmsd_input_min,vina_gauss1,vina_gauss2,vina_repulsion,vina_hydrophobic,vina_hydrogen,SMILES Atom Order,cpd
0,-3.62709,0.000,0.000,4.999117,4.999117,41.77875,367.55656,0.90726,33.30572,1.71231,,noname
1,-3.5717,1.249,1.779,4.8735394,4.8735394,44.32338,367.53543,0.33471,32.66584,0.65475,22 7 8 6 5 4 3 2 1 9 10 11 12 13 14 15 16 17 18 19 20 21,noname
2,-3.298,2.183,4.155,5.075274,5.075274,35.51159,371.75656,0.3582,33.09302,0.54369,22 7 8 6 5 4 3 2 1 9 10 11 12 13 14 15 16 17 18 19 20 21,noname
3,-3.3269,2.706,5.179,5.7907863,5.7907863,39.95071,353.17911,0.44274,30.95093,0.7552,22 7 8 6 5 4 3 2 1 9 10 11 12 13 14 15 16 17 18 19 20 21,noname
4,-3.24775,1.931,3.865,6.0128865,6.0128865,30.15562,358.2792,0.40653,31.41182,1.04253,22 7 8 6 5 4 3 2 1 9 10 11 12 13 14 15 16 17 18 19 20 21,noname
5,-3.13879,12.791,13.609,11.361857,11.361857,33.16512,360.44138,0.86888,26.18037,1.56777,22 7 8 6 5 4 3 2 1 9 10 11 12 13 14 15 16 17 18 19 20 21,noname
6,-3.23121,13.592,14.968,12.207215,12.207215,35.71962,395.10527,0.44423,24.77028,0.79561,22 7 8 6 5 4 3 2 1 9 10 11 12 13 14 15 16 17 18 19 20 21,noname
7,-3.20363,13.036,14.269,11.678635,11.678635,31.82564,371.13194,0.52936,25.2205,1.2703,22 7 8 6 5 4 3 2 1 9 10 11 12 13 14 15 16 17 18 19 20 21,noname
8,-2.99009,13.709,15.408,13.02073,13.02073,35.22639,351.29416,0.39243,22.99731,0.69847,22 7 8 6 5 4 3 2 1 9 10 11 12 13 14 15 16 17 18 19 20 21,noname
